Type,Name,Request Count,Failure Count,Median Response Time,Average Response Time,Min Response Time,Max Response Time,Average Content Size,Requests/s,Failures/s,50%,66%,75%,80%,90%,95%,98%,99%,99.9%,99.99%,100%
GET,/v2/product/17833952/?_rch=db340a7f7c4f,92908,53399,480.0,1430.6224533915645,6.5577000204939395,55503.2328000234,46182.85254229991,306.85710301620634,176.3665394149309,480,960,1500,2300,3600,4900,7000,19000,30000,52000,56000
,Aggregated,92908,53399,480.0,1430.6224533915645,6.5577000204939395,55503.2328000234,46182.85254229991,306.85710301620634,176.3665394149309,480,960,1500,2300,3600,4900,7000,19000,30000,52000,56000
